week,sentiment_mean,sentiment_std,subjectivity_mean,subjectivity_std,counting
2025-46,-0.3437712143601963,0.9482039181555172,0.4101989259162495,0.6047658780748378,11.0
2025-47,-0.06827924827057603,0.9222602323171697,-0.0366363156413539,0.8241096633280951,23.0
2025-48,-0.2684492010584931,1.0687501745187122,0.1631807031733895,0.9859843547839807,22.0
2025-49,0.5381854141559035,0.6643523431922617,-1.0341382180943317,1.0274849555189596,5.0
2025-50,0.8459919918574651,0.2901428816360194,-0.8085087860005349,1.0334279212055753,7.0
2025-51,-0.29618754408650305,1.1854740688407013,0.3122276661564837,0.7532095758276922,7.0
2025-52,0.2895357525768073,0.33520807539165565,0.26572292695939714,1.3724033709037224,4.0
2026-00,0.6864618996422001,0.6185040701450714,0.1588922097244938,1.122701172584579,5.0
